{"cameraMode":{"drawMode":0,"name":"Shaded","section":"Shading Mode"},"sceneLighting":false,"audioPlay":false,"sceneViewState":{"m_AlwaysRefresh":false,"showFog":true,"showSkybox":false,"showFlares":true,"showImageEffects":true,"showParticleSystems":true,"showVisualEffectGraphs":true,"m_FxEnabled":true},"in2DMode":false,"pivot":{"x":-4.110000133514404,"y":0.312000036239624,"z":-1.1779999732971192},"rotation":{"x":0.16530172526836396,"y":0.7142518162727356,"z":-0.18001849949359895,"w":0.6558457612991333},"size":0.43301573395729067,"orthographic":false}